{
  "name": "ada_sm89",
  "C_peak": 418279237255.94714,
  "B_peak": 151440262894.52368,
  "T_launch": 4.4255869958484864e-05,
  "occ_knee": 0.08,
  "gamma_spill": 0.08068403733632667,
  "beta_layout": 0.32715256376752777,
  "occ_floor": 0.06
}