{
  "name": "ada_sm89",
  "C_peak": 400636752800.0191,
  "B_peak": 152425449694.81158,
  "T_launch": 8.1625491716583e-05,
  "occ_knee": 0.08,
  "gamma_spill": 0.0886866247079322,
  "beta_layout": 0.40561037308731873,
  "occ_floor": 0.06
}