{
  "name": "ada_sm89",
  "C_peak": 425643913523.01294,
  "B_peak": 180559161617.1918,
  "T_launch": 0.00013351327235601698,
  "occ_knee": 0.08,
  "gamma_spill": 0.005672482066704858,
  "beta_layout": 0.32715256376752777,
  "occ_floor": 0.06
}