{
  "name": "ada_sm89",
  "C_peak": 400636752800.01904,
  "B_peak": 152425449694.81158,
  "T_launch": 8.1625491716583e-05,
  "occ_knee": 0.08,
  "gamma_spill": 0.08868662470793219,
  "beta_layout": 0.001,
  "occ_floor": 0.06
}