{
  "name": "ada_sm89",
  "C_peak": 2970142615321.036,
  "B_peak": 7533127651672.743,
  "T_launch": 0.0004500230798861025,
  "occ_knee": 0.08,
  "gamma_spill": 0.048810542407605774,
  "beta_layout": 0.001,
  "occ_floor": 0.06
}