{
  "name": "metax_c500",
  "C_peak": 722955259114.3958,
  "B_peak": 1046804026138.8842,
  "T_launch": 1.6018940627742517e-05,
  "occ_knee": 0.35,
  "gamma_spill": 0.006824249314971505,
  "beta_layout": 0.001,
  "occ_floor": 0.06
}