{
  "name": "ada_sm89",
  "C_peak": 1635874843340.1714,
  "B_peak": 1250743881737343.0,
  "T_launch": 3.654258172738277e-05,
  "occ_knee": 0.08,
  "gamma_spill": 0.0077584921868575725,
  "beta_layout": 0.001,
  "occ_floor": 0.06
}