{
  "name": "ada_sm89",
  "C_peak": 1155004529709.652,
  "B_peak": 496504479131227.2,
  "T_launch": 3.629072366574588e-05,
  "occ_knee": 0.08,
  "gamma_spill": 0.0075336982664614876,
  "beta_layout": 0.001,
  "occ_floor": 0.06,
  "fp16_compute_mult": 2.0
}